<?xml version="1.0" encoding="UTF-8"?>
<project-private xmlns="http://www.netbeans.org/ns/project-private/1">
    <editor-bookmarks xmlns="http://www.netbeans.org/ns/editor-bookmarks/2" lastBookmarkId="0"/>
    <open-files xmlns="http://www.netbeans.org/ns/projectui-open-files/2">
        <group>
            <file>file:/E:/Repositories/Mars-Explorer-Simulator/MarsExplorer/src/marsexplorer/FileInput.java</file>
            <file>file:/E:/Repositories/Mars-Explorer-Simulator/MarsExplorer/src/marsexplorer/CLInput.java</file>
            <file>file:/E:/Repositories/Mars-Explorer-Simulator/MarsExplorer/src/marsexplorer/MarsExplorer.java</file>
            <file>file:/E:/Repositories/Mars-Explorer-Simulator/MarsExplorer/src/marsexplorer/Rover.java</file>
            <file>file:/E:/Repositories/Mars-Explorer-Simulator/MarsExplorer/src/marsexplorer/Input.java</file>
        </group>
    </open-files>
</project-private>
